{
    "Phi2018_e503": {
        "mean_energy": -5.067371569555172,
        "mean_energy_stat_err": 1.87227,
        "mean_energy_sys_err": 6.15989,
        "mean_spread": 0.2566542267196855,
        "mean_spread_stat_err": 0.00515
    },
    "Phi2018_e505": {
        "mean_energy": 5.500152421102412,
        "mean_energy_stat_err": 0.04852,
        "mean_energy_sys_err": 0.11,
        "mean_spread": 0.2537071000440892,
        "mean_spread_stat_err": 0.0088
    },
    "Phi2018_e508": {
        "mean_energy": 4.22892909748233,
        "mean_energy_stat_err": 0.00563,
        "mean_energy_sys_err": 0.00881,
        "mean_spread": 0.278389568426327,
        "mean_spread_stat_err": 0.00736
    },
    "Phi2018_e508.5": {
        "mean_energy": 4.062420788290062,
        "mean_energy_stat_err": 0.00703,
        "mean_energy_sys_err": 0.04034,
        "mean_spread": 0.24540664034523524,
        "mean_spread_stat_err": 0.00782
    },
    "Phi2018_e509": {
        "mean_energy": 3.9100177844690864,
        "mean_energy_stat_err": 0.00868,
        "mean_energy_sys_err": 0.04123,
        "mean_spread": 0.2512945367286439,
        "mean_spread_stat_err": 0.01082
    },
    "Phi2018_e509.5": {
        "mean_energy": 3.7539275899785784,
        "mean_energy_stat_err": 0.004,
        "mean_energy_sys_err": 0.02905,
        "mean_spread": 0.27054372417275957,
        "mean_spread_stat_err": 0.00394
    },
    "Phi2018_e510": {
        "mean_energy": 3.7185641884809586,
        "mean_energy_stat_err": 0.00449,
        "mean_energy_sys_err": 0.02658,
        "mean_spread": 0.29414506251074707,
        "mean_spread_stat_err": 0.00457
    },
    "Phi2018_e510.5": {
        "mean_energy": 3.678724797616531,
        "mean_energy_stat_err": 0.00656,
        "mean_energy_sys_err": 0.02501,
        "mean_spread": 0.2878583074803351,
        "mean_spread_stat_err": 0.00661
    },
    "Phi2018_e511": {
        "mean_energy": 3.560017151412899,
        "mean_energy_stat_err": 0.005,
        "mean_energy_sys_err": 0.01956,
        "mean_spread": 0.26785644953312293,
        "mean_spread_stat_err": 0.00549
    },
    "Phi2018_e511.5": {
        "mean_energy": 3.491281716645192,
        "mean_energy_stat_err": 0.00918,
        "mean_energy_sys_err": 0.03389,
        "mean_spread": 0.27677061274322906,
        "mean_spread_stat_err": 0.0081
    },
    "Phi2018_e514": {
        "mean_energy": 3.102729179109454,
        "mean_energy_stat_err": 0.0095,
        "mean_energy_sys_err": 0.02181,
        "mean_spread": 0.25920976374820276,
        "mean_spread_stat_err": 0.00994
    },
    "Phi2018_e517": {
        "mean_energy": 2.7233425680141123,
        "mean_energy_stat_err": 0.01778,
        "mean_energy_sys_err": 0.04378,
        "mean_spread": 0.2554422381911154,
        "mean_spread_stat_err": 0.00938
    },
    "Phi2018_e520": {
        "mean_energy": 2.4123378820809096,
        "mean_energy_stat_err": 0.01816,
        "mean_energy_sys_err": 0.03566,
        "mean_spread": 0.29019835940002764,
        "mean_spread_stat_err": 0.01151
    },
    "Phi2018_e525": {
        "mean_energy": 18.01003899863946,
        "mean_energy_stat_err": 0.06896,
        "mean_energy_sys_err": 0.13268,
        "mean_spread": 0.2950864768184499,
        "mean_spread_stat_err": 0.01431
    },
    "Phi2018_e530": {
        "mean_energy": 22.72917925699145,
        "mean_energy_stat_err": 0.10052,
        "mean_energy_sys_err": 0.18313,
        "mean_spread": 0.26196071523373643,
        "mean_spread_stat_err": 0.0159
    }
}